﻿id,nombre,apellido,correo,sexo,ciudad
1,Lonee,Magill,lmagill0@google.ca,Male,Stony Plain
2,Kissee,Leadley,kleadley1@msu.edu,Male,Urrao
3,Freddy,Brooking,fbrooking2@oakley.com,Male,Zudun
4,Sileas,Mammatt,smammatt3@youtube.com,Female,Mazhu
5,Bernhard,Heephy,bheephy4@a8.net,Female,Al Ḩajar al Aswad
6,Lindsy,Joska,ljoska5@twitpic.com,Agender,Mankono
7,Cherilynn,Gaskins,cgaskins6@exblog.jp,Male,Singkir
8,Roby,Priestnall,rpriestnall7@a8.net,Female,Wangying
9,Mathias,Desson,mdesson8@princeton.edu,Male,Sanzhou
10,Morganne,Mobberley,mmobberley9@miibeian.gov.cn,Female,Ambovombe
11,Cross,Gumme,cgummea@cornell.edu,Male,Bato
12,Giana,Jarrell,gjarrellb@cmu.edu,Female,Suwaru
13,Brittaney,Billows,bbillowsc@bluehost.com,Female,Bodzanów
14,Lise,Dilland,ldillandd@diigo.com,Genderfluid,Kayan
15,Micky,Pitson,mpitsone@themeforest.net,Male,Lillers
16,Efrem,Bidder,ebidderf@wsj.com,Female,Osieczna
17,Barbaraanne,Yanyshev,byanyshevg@tripod.com,Male,Ili
18,Bobbye,Briddock,bbriddockh@scientificamerican.com,Genderfluid,Nizhniy Tagil
19,Wynn,Birdwistle,wbirdwistlei@icq.com,Female,Budapest
20,Broderick,Baggott,bbaggottj@ox.ac.uk,Female,Shuakhevi
21,Valery,Klezmski,vklezmskik@networkadvertising.org,Male,Aija
22,Denice,McElvine,dmcelvinel@domainmarket.com,Male,Puro Pinget
23,Lacee,Lillgard,llillgardm@google.com.br,Female,Novoaltaysk
24,Sherlock,Broadwell,sbroadwelln@amazon.com,Male,Filipstad
25,Carmela,Barnicott,cbarnicotto@smh.com.au,Male,Achada
26,Ben,Loveridge,bloveridgep@europa.eu,Female,Majin
27,Judye,Schimmang,jschimmangq@dailymotion.com,Male,Areguá
28,Donnie,Nicholas,dnicholasr@zdnet.com,Male,Kaiyuan
29,Salomi,Cheal,scheals@netlog.com,Female,Žabčice
30,Dannye,Semiraz,dsemirazt@bravesites.com,Female,Catujal
31,Florinda,Soppeth,fsoppethu@g.co,Male,Barão de Cocais
32,Daryl,Olivia,doliviav@google.ca,Female,Mingzhong
33,Barron,Dilliston,bdillistonw@freewebs.com,Bigender,Saint Joseph
34,Arlan,Boshere,abosherex@clickbank.net,Female,Yanagawa
35,Earle,Beaford,ebeafordy@google.es,Male,Votkinsk
36,Galven,Hardage,ghardagez@rakuten.co.jp,Female,Hirvensalmi
37,Isabeau,Broyd,ibroyd10@arizona.edu,Male,Herrljunga
38,Kirstyn,Vedenyapin,kvedenyapin11@theguardian.com,Male,Santa Elena
39,Susan,Stable,sstable12@sina.com.cn,Female,Qiaotou
40,Kristofor,Harniman,kharniman13@tumblr.com,Female,Coyah
41,Arnuad,Rzehor,arzehor14@51.la,Female,Rouen
42,Norean,O'Cooney,nocooney15@barnesandnoble.com,Male,Lanat
43,Malinda,Espinazo,mespinazo16@parallels.com,Male,Clarin
44,Arlen,Cuckson,acuckson17@mapy.cz,Male,Nizhnyaya Tavda
45,Godard,Egle,gegle18@imdb.com,Polygender,Sumberngerjat
46,Quinton,Riccardelli,qriccardelli19@time.com,Female,Pointe-Noire
47,Rollin,Abbay,rabbay1a@cpanel.net,Female,Lanuza
48,Coral,Belmont,cbelmont1b@google.pl,Female,Pamiers
49,Laurie,Chazier,lchazier1c@mapy.cz,Male,Bunog
50,Goran,Band,gband1d@mozilla.org,Female,Nikulino
51,Alejandra,Miguet,amiguet1e@t.co,Male,Zhyrovichy
52,Cos,Broadbridge,cbroadbridge1f@bravesites.com,Male,Oni
53,Celestyna,Coulsen,ccoulsen1g@rakuten.co.jp,Male,Oropéndolas
54,Dew,Normabell,dnormabell1h@stanford.edu,Female,Vänersborg
55,Ainslie,Skepper,askepper1i@shareasale.com,Female,General Vedia
56,Akim,Drohun,adrohun1j@cam.ac.uk,Female,Nova Friburgo
57,Anatollo,Swinford,aswinford1k@archive.org,Female,Saransk
58,Nissie,Dungay,ndungay1l@storify.com,Female,Kugluktuk
59,Kimberlyn,Kubecka,kkubecka1m@freewebs.com,Female,Atlanta
60,Rosmunda,Franzotto,rfranzotto1n@cisco.com,Female,Liuzhuang
61,Mariellen,Pandie,mpandie1o@blogs.com,Female,Houndé
62,Kate,Capinetti,kcapinetti1p@usda.gov,Female,Wangsi
63,Grenville,Fowle,gfowle1q@china.com.cn,Male,Isawa
64,Antoinette,Duncanson,aduncanson1r@about.com,Female,Shuitianhe
65,Lenna,Loakes,lloakes1s@intel.com,Male,Sitrah
66,Clementius,Giraudeau,cgiraudeau1t@slashdot.org,Genderfluid,Capelinha
67,Bradford,Merle,bmerle1u@webeden.co.uk,Male,Kashima
68,Ed,Napoleon,enapoleon1v@ow.ly,Female,Igarra
69,Barr,Brazenor,bbrazenor1w@uol.com.br,Male,Edosaki
70,Luise,Slay,lslay1x@mapy.cz,Male,Balin
71,Mirabella,Cattlow,mcattlow1y@squidoo.com,Male,San Miguel
72,Quint,Poole,qpoole1z@flickr.com,Female,Pinhais
73,Amerigo,Norkett,anorkett20@archive.org,Female,Kawakawa
74,Annadiana,Dey,adey21@discuz.net,Female,Xialaba
75,Marsha,Lidgett,mlidgett22@unblog.fr,Female,Warren
76,Felipa,Onions,fonions23@fda.gov,Male,Jiashi
77,Madlen,Maddigan,mmaddigan24@ucoz.com,Female,Muarapinang
78,Amii,Coper,acoper25@cnet.com,Agender,Caldas da Felgueira
79,Babs,Dusey,bdusey26@xinhuanet.com,Female,Dishnā
80,Austin,Forsdicke,aforsdicke27@elegantthemes.com,Polygender,Lendangara Satu
81,Celine,Russe,crusse28@rakuten.co.jp,Genderqueer,Xinyang
82,Elisabetta,Culter,eculter29@nhs.uk,Male,Caidian
83,Boniface,Moring,bmoring2a@pagesperso-orange.fr,Female,Sabanagrande
84,Beverley,Kreutzer,bkreutzer2b@discovery.com,Female,Khawr Fakkān
85,Jard,Duncanson,jduncanson2c@patch.com,Male,Claresholm
86,Bibi,Gannon,bgannon2d@livejournal.com,Male,Rennes
87,Gherardo,Agronski,gagronski2e@hp.com,Male,Kayima
88,Armando,Brignall,abrignall2f@wufoo.com,Male,Hexi
89,Susan,Saph,ssaph2g@jimdo.com,Female,Dagui
90,Mamie,Yaakov,myaakov2h@whitehouse.gov,Male,Sibucao
91,Charis,Shegog,cshegog2i@china.com.cn,Male,Černilov
92,Elka,Clerc,eclerc2j@bloglovin.com,Male,Sindangrasa
93,Channa,Goold,cgoold2k@sitemeter.com,Male,Jagiełła
94,Gertrude,Hoogendorp,ghoogendorp2l@nifty.com,Male,Colorado
95,Rogerio,Crutchley,rcrutchley2m@usatoday.com,Female,Aktogay
96,Manfred,O'Docherty,modocherty2n@cargocollective.com,Agender,Lianhua
97,Griffy,Whittleton,gwhittleton2o@toplist.cz,Male,Ad Dīwānīyah
98,Avery,Saylor,asaylor2p@privacy.gov.au,Female,Sharïngol
99,Alvie,Buckett,abuckett2q@t-online.de,Male,Eisen
100,Kittie,Petrolli,kpetrolli2r@ebay.com,Male,Huangjindong
101,Hogan,Charge,hcharge2s@etsy.com,Male,Bous
102,Blythe,Oates,boates2t@scientificamerican.com,Female,Cabuyao
103,Delcine,Hawkswell,dhawkswell2u@exblog.jp,Female,Shuya
104,Rodolphe,Valsler,rvalsler2v@google.co.uk,Female,La Argentina
105,Deanna,Attkins,dattkins2w@fda.gov,Female,Jiupu
106,Brittne,Carsberg,bcarsberg2x@ibm.com,Male,Longquan
107,Eunice,Winters,ewinters2y@ft.com,Male,Gia Nghĩa
108,Rolland,Mulbery,rmulbery2z@51.la,Male,Brzozów
109,George,Itscovitz,gitscovitz30@cisco.com,Male,Chinameca
110,Vittorio,Waterhowse,vwaterhowse31@canalblog.com,Male,Mabamba
111,Chandra,Merington,cmerington32@skype.com,Genderfluid,Nybro
112,Terrell,Minto,tminto33@myspace.com,Female,Yushan
113,Massimo,Davidove,mdavidove34@g.co,Female,Oslo
114,Giacobo,Heninghem,gheninghem35@ox.ac.uk,Male,Santa Lucía Cotzumalguapa
115,Dulsea,Hans,dhans36@1und1.de,Male,Kunmi Erdi
116,Kirbee,Mawditt,kmawditt37@woothemes.com,Female,Gumi
117,Ainsley,Wickey,awickey38@wordpress.com,Female,Dornava
118,Nancee,Craiker,ncraiker39@pcworld.com,Male,Wangjiang
119,Eirena,Niesegen,eniesegen3a@mashable.com,Male,Khayr Kōṯ
120,Marcile,Jepps,mjepps3b@phoca.cz,Female,Landim
121,Jamison,Edgson,jedgson3c@chicagotribune.com,Female,Makrychóri
122,Cristi,Corsan,ccorsan3d@irs.gov,Female,Cabatang
123,Mufi,Yaakov,myaakov3e@unicef.org,Female,Xiaba
124,Thaddeus,Dottrell,tdottrell3f@ibm.com,Male,Ängelholm
125,Eddie,Torregiani,etorregiani3g@discuz.net,Male,Kālia
126,Cory,Portam,cportam3h@1und1.de,Male,Kommunar
127,Kathleen,Authers,kauthers3i@squidoo.com,Male,Passal
128,Ivar,Adelberg,iadelberg3j@godaddy.com,Female,Kuala Lumpur
129,Cindy,Antonignetti,cantonignetti3k@soundcloud.com,Female,Sidomulyo Kulon
130,Thorstein,Pollitt,tpollitt3l@google.it,Female,Izhmorskiy
131,Cyndia,Brecher,cbrecher3m@w3.org,Male,Pereleshino
132,Hobie,Swayne,hswayne3n@census.gov,Female,Jankowice
133,Cristobal,Turpin,cturpin3o@paypal.com,Female,Lemland
134,Tasia,Croxton,tcroxton3p@home.pl,Female,Chotcza
135,Jo,Rankling,jrankling3q@elpais.com,Female,Da’ao
136,Lek,Wrightson,lwrightson3r@plala.or.jp,Female,København
137,Kim,Girardini,kgirardini3s@icio.us,Genderfluid,Toritama
138,Lesly,Gorbell,lgorbell3t@omniture.com,Male,Paris 08
139,Cully,Pickerell,cpickerell3u@ox.ac.uk,Male,Bitam
140,Bette,Odney,bodney3v@cnbc.com,Male,Aix-en-Provence
141,Nicholas,Blasio,nblasio3w@howstuffworks.com,Female,Adtugan
142,Giacopo,Crackel,gcrackel3x@usatoday.com,Female,Qiaoxi
143,Bent,Nelsey,bnelsey3y@fastcompany.com,Male,Nîmes
144,Luigi,Bartholomaus,lbartholomaus3z@eepurl.com,Male,Kolsh
145,Stesha,Mac Geaney,smacgeaney40@whitehouse.gov,Female,Osias
146,Rozalin,Press,rpress41@slashdot.org,Male,Xiabaishi
147,Waring,Road,wroad42@digg.com,Male,Datartua
148,Stillmann,Colyer,scolyer43@nbcnews.com,Female,Hudong
149,Evangelina,Abbate,eabbate44@berkeley.edu,Female,Shah Alam
150,Marissa,Bewick,mbewick45@loc.gov,Female,Fīrūzābād
151,Rosalinde,Blissett,rblissett46@blogger.com,Male,Flora
152,Magdalene,Bulter,mbulter47@microsoft.com,Male,Itapecuru Mirim
153,Bren,Pilling,bpilling48@illinois.edu,Agender,Fulin
154,Lethia,Fenech,lfenech49@apple.com,Female,Tortosendo
155,Karalynn,Trevascus,ktrevascus4a@gnu.org,Male,Semambung
156,Gretel,Kennaway,gkennaway4b@hhs.gov,Female,Sakchu-ŭp
157,Ruperta,Trubshaw,rtrubshaw4c@exblog.jp,Male,Yaroslavskiy
158,Monica,Allnutt,mallnutt4d@wikimedia.org,Male,Xinxu
159,Barnaby,Gipson,bgipson4e@mapy.cz,Male,Ludvika
160,Uriel,Coneau,uconeau4f@unesco.org,Male,Camacupa
161,Daryle,Minguet,dminguet4g@sbwire.com,Male,Baytīn
162,Haley,Southerell,hsoutherell4h@vistaprint.com,Female,Sarana
163,Guntar,Sidlow,gsidlow4i@cnn.com,Female,Xin’an
164,Gerrard,Cometson,gcometson4j@chicagotribune.com,Male,Simimbaan
165,Rikki,Dryden,rdryden4k@abc.net.au,Male,Česká Skalice
166,Yorke,Sherrell,ysherrell4l@apache.org,Female,Gaoqiao
167,Natala,Raden,nraden4m@hexun.com,Female,Pinhão
168,Norbert,Junes,njunes4n@bravesites.com,Female,Gwangjeok
169,Jacklin,Braddon,jbraddon4o@fotki.com,Male,Klapagada
170,Junia,Capewell,jcapewell4p@123-reg.co.uk,Female,Jianlong
171,Chrissy,Atwood,catwood4q@mlb.com,Male,Quma
172,Audra,Gillett,agillett4r@admin.ch,Male,Shebekino
173,Wes,Callen,wcallen4s@theguardian.com,Female,Gan Yavne
174,Juana,Cahey,jcahey4t@360.cn,Male,Koten
175,Chere,d'Arcy,cdarcy4u@tinypic.com,Male,Xinhua
176,Dynah,Okie,dokie4v@feedburner.com,Non-binary,San Miguel
177,Roxanna,Megarry,rmegarry4w@jugem.jp,Genderfluid,Yvetot
178,Tamarra,Foan,tfoan4x@eepurl.com,Female,Liugou
179,Marten,Vasin,mvasin4y@webnode.com,Male,Sagang
180,Charlena,Schwandermann,cschwandermann4z@meetup.com,Male,Az Zawr
181,Ara,Ingerson,aingerson50@histats.com,Female,Weetobula
182,Koral,Fandrich,kfandrich51@delicious.com,Female,Bucheon-si
183,Joceline,Sucre,jsucre52@discovery.com,Female,Mahikeng
184,Joyous,Tolchar,jtolchar53@archive.org,Female,Nizhniy Tsasuchey
185,Shay,Celli,scelli54@1688.com,Male,Beaconsfield
186,Shannan,Abells,sabells55@acquirethisname.com,Female,Hofors
187,Margot,Gamage,mgamage56@example.com,Female,Zhaogezhuang
188,Jesse,Doyle,jdoyle57@tuttocitta.it,Male,Arue
189,Reba,Fick,rfick58@springer.com,Female,Kang-neung
190,Henrieta,De Giorgi,hdegiorgi59@imageshack.us,Female,Guariba
191,Byrann,Moroney,bmoroney5a@meetup.com,Male,Guaíba
192,Chanda,Woolens,cwoolens5b@adobe.com,Male,Pilar
193,Adelaida,McCrudden,amccrudden5c@myspace.com,Male,Albion
194,Kata,Huison,khuison5d@ebay.com,Female,Faruka
195,Kimberli,Buttfield,kbuttfield5e@printfriendly.com,Male,Sepanjang
196,Glad,Rickeard,grickeard5f@cornell.edu,Female,San Manuel
197,Carie,Wastall,cwastall5g@columbia.edu,Male,San Jerónimo
198,Maribel,Chishull,mchishull5h@usatoday.com,Female,Kadubadak
199,Merna,Civitillo,mcivitillo5i@cdc.gov,Bigender,Bezenchuk
200,Rancell,Iaduccelli,riaduccelli5j@noaa.gov,Female,Luxi
201,Sim,Sharp,ssharp5k@ifeng.com,Female,Bukal
202,Stephani,Bonallack,sbonallack5l@wsj.com,Male,Bugko
203,Siouxie,De Michetti,sdemichetti5m@home.pl,Genderfluid,Nong Khai
204,Vanna,Topaz,vtopaz5n@webeden.co.uk,Male,Mó
205,Ray,Veelers,rveelers5o@kickstarter.com,Male,Dabai
206,Sheena,Beranek,sberanek5p@vistaprint.com,Female,Pidigan
207,Zuzana,Levay,zlevay5q@opera.com,Female,Kandi
208,Joanne,Speariett,jspeariett5r@gov.uk,Male,Yilkiqi
209,Bealle,Purselowe,bpurselowe5s@guardian.co.uk,Bigender,Wakkanai
210,Klemens,Eastwood,keastwood5t@canalblog.com,Agender,Erbil
211,Gilligan,Gathercole,ggathercole5u@constantcontact.com,Male,Erie
212,Hastings,Boggis,hboggis5v@unc.edu,Male,Bang Na
213,Isidor,Huckster,ihuckster5w@hostgator.com,Female,Cabrela
214,Rickie,Stubbes,rstubbes5x@dot.gov,Male,Zunilito
215,Lavena,Deakins,ldeakins5y@washington.edu,Female,Lechinkay
216,Sidney,McIlharga,smcilharga5z@webeden.co.uk,Male,Bidikotak
217,Adelbert,Lindstrom,alindstrom60@cnbc.com,Bigender,Kivertsi
218,Thaxter,Parrin,tparrin61@indiegogo.com,Female,San Lorenzo
219,Charlie,Fennell,cfennell62@pen.io,Female,Munkfors
220,Raynard,Pawlyn,rpawlyn63@cloudflare.com,Female,Carvalhal
221,Ruddy,Strang,rstrang64@acquirethisname.com,Female,Satun
222,Olav,Northway,onorthway65@pcworld.com,Male,Whittier
223,Byram,Gilding,bgilding66@nationalgeographic.com,Bigender,Klek
224,Putnam,Richardot,prichardot67@baidu.com,Female,Kéfalos
225,Tiertza,Peek,tpeek68@telegraph.co.uk,Female,Meget
226,Welch,Liccardi,wliccardi69@huffingtonpost.com,Male,Lypnyazhka
227,Aurora,Gillinghams,agillinghams6a@tinypic.com,Polygender,Putou
228,Tomas,Spinnace,tspinnace6b@independent.co.uk,Female,Xagqu
229,Ogdan,Neligan,oneligan6c@xinhuanet.com,Male,Marinilla
230,Maurise,MacGarrity,mmacgarrity6d@google.com.hk,Female,Londrina
231,Lorie,Dispencer,ldispencer6e@aboutads.info,Male,Verkhov’ye
232,Mike,Moatt,mmoatt6f@oaic.gov.au,Female,Coasa
233,Barnabe,Tesseyman,btesseyman6g@ucoz.ru,Male,Benito Juarez
234,Sybila,Mander,smander6h@businessinsider.com,Female,Nizhniy Bestyakh
235,Faustina,Jandak,fjandak6i@theatlantic.com,Female,Kotor
236,Arlina,Stollery,astollery6j@google.co.jp,Male,Orsay
237,Win,Lourens,wlourens6k@shutterfly.com,Female,Seren Barat
238,Paten,De Domenici,pdedomenici6l@goo.gl,Female,Balayan
239,Carla,Schulze,cschulze6m@webs.com,Female,Pjanići
240,Guenna,Sorsbie,gsorsbie6n@comcast.net,Male,Gorodets
241,Estevan,Mellem,emellem6o@accuweather.com,Female,Plumtree
242,Magdaia,Maccaddie,mmaccaddie6p@patch.com,Female,Atlanta
243,Hamlen,Milnthorpe,hmilnthorpe6q@biblegateway.com,Male,Mingyihe
244,Marj,Chander,mchander6r@paypal.com,Female,Kalandagan
245,Antonella,Roxbrough,aroxbrough6s@sphinn.com,Female,Mautapaga Bawah
246,Frederic,Glanville,fglanville6t@yellowbook.com,Female,Saint-Bruno
247,Ginnie,Antonopoulos,gantonopoulos6u@marketwatch.com,Male,Settat
248,Kellen,Calway,kcalway6v@wikispaces.com,Male,Hato Mayor del Rey
249,Konstance,Glading,kglading6w@nymag.com,Female,Soio
250,Devin,Bridle,dbridle6x@jugem.jp,Female,Mizhuang
251,Kelvin,Iacoboni,kiacoboni6y@salon.com,Male,Radekhiv
252,Hill,Hawes,hhawes6z@earthlink.net,Female,Gosen
253,Robinson,Siss,rsiss70@sohu.com,Male,Ābyek
254,Sher,Tooting,stooting71@businessweek.com,Male,Pegongan
255,Daryn,Jackling,djackling72@gnu.org,Male,Nacka
256,Salomon,MacCracken,smaccracken73@redcross.org,Male,Boa Viagem
257,Abbott,Ickowicz,aickowicz74@google.cn,Male,San Miguel
258,Coop,Lohden,clohden75@usgs.gov,Female,Kuala Terengganu
259,Aldis,Hannah,ahannah76@bloomberg.com,Female,Pécs
260,Lilith,Godfroy,lgodfroy77@google.co.uk,Male,Bunisari
261,Adria,Woolforde,awoolforde78@cam.ac.uk,Female,Longfeng
262,Danit,Kimberly,dkimberly79@ox.ac.uk,Male,Trélazé
263,Currey,Goldsberry,cgoldsberry7a@about.me,Female,San Diego
264,Nichols,Worge,nworge7b@cbc.ca,Male,Brejieira
265,Tailor,Kingaby,tkingaby7c@clickbank.net,Female,Pancoran
266,Frederick,Matushenko,fmatushenko7d@auda.org.au,Female,Amnat Charoen
267,Omero,Barrack,obarrack7e@washington.edu,Male,Jianxi
268,Georgie,Downie,gdownie7f@ifeng.com,Male,Halayhay
269,Estrella,Mucklestone,emucklestone7g@pen.io,Female,Vyatskiye Polyany
270,Devora,Antonazzi,dantonazzi7h@plala.or.jp,Female,Khakhea
271,Rickard,Cleaver,rcleaver7i@fc2.com,Female,Panyarang
272,Gail,Molden,gmolden7j@forbes.com,Male,La Suiza
273,Emilio,MacIlhagga,emacilhagga7k@sakura.ne.jp,Male,Nariño
274,Lanni,Mines,lmines7l@princeton.edu,Female,Ballymahon
275,Tedd,Lashley,tlashley7m@shareasale.com,Male,Asen
276,Christiane,Diggar,cdiggar7n@bbb.org,Male,Mafang
277,Marya,Kidgell,mkidgell7o@ucoz.ru,Female,Putina
278,Fayina,Whitta,fwhitta7p@ocn.ne.jp,Female,Klumbu
279,Tildie,Hunnam,thunnam7q@google.com.hk,Female,Hongsi
280,Otes,O'Hanley,oohanley7r@sciencedaily.com,Male,Komyshnya
281,Orin,Shilling,oshilling7s@washington.edu,Male,Yanyang
282,Chery,Castagnone,ccastagnone7t@twitter.com,Male,Klerksdorp
283,Penn,Legh,plegh7u@ning.com,Female,Pamotan
284,Petronia,Bascomb,pbascomb7v@reddit.com,Male,Phutthaisong
285,Horatio,Mabbutt,hmabbutt7w@360.cn,Male,Magisterial
286,Margit,Stanmore,mstanmore7x@earthlink.net,Female,Jianxin
287,Belita,Firbank,bfirbank7y@technorati.com,Female,Barreirinhas
288,Willey,Sadd,wsadd7z@bloomberg.com,Male,Mahong
289,Nikolia,Burchall,nburchall80@gravatar.com,Male,Makīnsk
290,Wiley,Barge,wbarge81@wikimedia.org,Male,Piaocao
291,Kylen,Shwenn,kshwenn82@nationalgeographic.com,Male,Aimadamodo
292,Cchaddie,Ilieve,cilieve83@statcounter.com,Male,Czarnocin
293,Haskel,Natalie,hnatalie84@usa.gov,Female,Pittsburgh
294,Issiah,Ginglell,iginglell85@flickr.com,Male,Aubenas
295,Rosette,Boynton,rboynton86@tripadvisor.com,Female,Honolulu
296,Jonah,Deschlein,jdeschlein87@forbes.com,Female,Norrköping
297,Pietra,Morse,pmorse88@cisco.com,Male,Sampangan
298,Melloney,Bowdrey,mbowdrey89@arstechnica.com,Male,Trondheim
299,Linnea,Garett,lgarett8a@disqus.com,Female,Angers
300,Cointon,Parratt,cparratt8b@google.com.br,Female,Trebisht-Muçinë
301,Consuela,Clout,cclout8c@deviantart.com,Male,Dongjin
302,Charline,Philipsson,cphilipsson8d@latimes.com,Female,Scottsdale
303,Alexandros,Byrcher,abyrcher8e@photobucket.com,Male,Kogota
304,Blanca,Blackburn,bblackburn8f@bandcamp.com,Female,Tëploye
305,Mordecai,Sorro,msorro8g@slashdot.org,Male,Vasil’yevskiy Mokh
306,Saraann,Richter,srichter8h@mayoclinic.com,Female,Barishāl
307,Gaye,Westhead,gwesthead8i@flavors.me,Female,Khuean Ubonrat
308,Humbert,Calles,hcalles8j@google.ru,Female,Cloyne
309,Candis,Grelak,cgrelak8k@narod.ru,Male,Lobos
310,Mitchel,Scriver,mscriver8l@jiathis.com,Male,Warren
311,Dunn,Henlon,dhenlon8m@t-online.de,Female,Shangxing
312,Rossy,Chadburn,rchadburn8n@drupal.org,Bigender,Batasan Bata
313,Zsa zsa,Bilbrey,zbilbrey8o@hao123.com,Female,Banjar Ambengan
314,Kris,Parkinson,kparkinson8p@gravatar.com,Polygender,Wentugaole
315,Aeriell,Brackenridge,abrackenridge8q@github.io,Male,Maisons-Laffitte
316,Karena,Pimlett,kpimlett8r@amazon.co.jp,Female,Akune
317,Raven,MacTerlagh,rmacterlagh8s@virginia.edu,Female,Cheban
318,Hamlen,Asman,hasman8t@live.com,Female,Al Khamīs
319,Edsel,Parsisson,eparsisson8u@amazon.de,Female,Itigi
320,Gabby,Marlor,gmarlor8v@uiuc.edu,Female,Frutal
321,Uri,Rymell,urymell8w@answers.com,Female,Lalupon
322,Alick,Connerly,aconnerly8x@behance.net,Male,Goya
323,Mae,Kleine,mkleine8y@usnews.com,Male,An Châu
324,Alissa,Burrett,aburrett8z@scribd.com,Male,Qingzhou
325,Hastings,Acum,hacum90@fda.gov,Male,Vera Cruz
326,Daloris,Haile,dhaile91@icq.com,Female,Solnice
327,Maisie,Meadmore,mmeadmore92@miibeian.gov.cn,Male,Goodlands
328,Shaylynn,Duckering,sduckering93@foxnews.com,Female,Pamiers
329,Addy,Cathro,acathro94@infoseek.co.jp,Male,Al Mawşil al Jadīdah
330,Loy,Polglase,lpolglase95@ycombinator.com,Male,Phù Cát
331,Horace,Tripet,htripet96@washington.edu,Female,Olenyok
332,Clarisse,Juppe,cjuppe97@github.com,Female,Soly
333,Lauren,Borel,lborel98@biglobe.ne.jp,Male,Requena
334,Nikolaos,Dameisele,ndameisele99@gov.uk,Male,Brasília
335,Armand,Dorrins,adorrins9a@nationalgeographic.com,Female,Cayur
336,Roderich,Matuszynski,rmatuszynski9b@goo.ne.jp,Polygender,Raga
337,Manolo,Girardet,mgirardet9c@upenn.edu,Genderfluid,Tarqūmyā
338,Allayne,Lapre,alapre9d@jugem.jp,Male,Sertãozinho
339,Kimball,Piercey,kpiercey9e@gov.uk,Male,Kanluran
340,Tammy,Plott,tplott9f@tripadvisor.com,Male,Tukbur
341,Jayme,Senyard,jsenyard9g@slate.com,Female,Mullsjö
342,Britteny,Crosseland,bcrosseland9h@xing.com,Female,Notre-Dame-des-Prairies
343,Heddi,Carlone,hcarlone9i@technorati.com,Female,San Felipe Old
344,Anallise,Viveash,aviveash9j@odnoklassniki.ru,Female,Watodei
345,Betteanne,Giacopelo,bgiacopelo9k@about.me,Female,Huaqiao
346,Royal,Wordley,rwordley9l@illinois.edu,Bigender,Halat
347,Riley,Sheron,rsheron9m@amazon.com,Male,Kalahang
348,Virgil,Kapiloff,vkapiloff9n@sogou.com,Male,Liugong
349,Boniface,Macken,bmacken9o@cocolog-nifty.com,Male,Al Fandaqūmīyah
350,Bevon,Pearcy,bpearcy9p@twitter.com,Female,Wan’an
351,Georgi,Pariso,gpariso9q@addthis.com,Male,Vila de Rei
352,Lorain,Coviello,lcoviello9r@clickbank.net,Bigender,Zhongnan
353,Algernon,Borgesio,aborgesio9s@walmart.com,Male,Kebonagung
354,Aleece,Kohlerman,akohlerman9t@examiner.com,Female,Guisa
355,Titus,Pybus,tpybus9u@trellian.com,Male,Rego
356,Niles,Lodder,nlodder9v@cargocollective.com,Male,Soufrière
357,Fin,Bonnette,fbonnette9w@who.int,Male,Saint-Tite
358,Byrle,Wansbury,bwansbury9x@woothemes.com,Agender,Zhuangxing
359,Mickie,Tofanini,mtofanini9y@ebay.com,Polygender,Dolno Palčište
360,Bent,Sidden,bsidden9z@auda.org.au,Male,Jiulong
361,Lorinda,Iacovozzo,liacovozzoa0@un.org,Female,Čapljina
362,Had,Muzzollo,hmuzzolloa1@domainmarket.com,Female,Souto
363,Ban,Baitman,bbaitmana2@shinystat.com,Female,Kristiansand S
364,Raf,Stretton,rstrettona3@cnbc.com,Male,Żarki
365,Bessie,Tonbridge,btonbridgea4@4shared.com,Male,Dalupirip
366,Annaliese,Jenny,ajennya5@domainmarket.com,Female,Al Ḩawātah
367,Colin,Napleton,cnapletona6@wordpress.org,Male,Muruy
368,Jeffy,Espinho,jespinhoa7@kickstarter.com,Female,Mercedes
369,Ewan,Blanckley,eblanckleya8@hexun.com,Polygender,Shangjia
370,Lucia,Toll,ltolla9@deliciousdays.com,Polygender,Gubu
371,Anna,Gravenell,agravenellaa@youtube.com,Male,Levallois-Perret
372,Tiphanie,Pumphreys,tpumphreysab@slate.com,Female,Mqabba
373,Adam,Ralestone,aralestoneac@istockphoto.com,Male,Kyosai
374,Savina,Wenderoth,swenderothad@virginia.edu,Female,Baykonyr
375,Adelina,Leehane,aleehaneae@diigo.com,Male,Rodez
376,Tannie,Bowditch,tbowditchaf@360.cn,Agender,Cândido Mota
377,Winonah,Abrahart,wabrahartag@scientificamerican.com,Female,Lawepakam
378,Darlleen,Petchell,dpetchellah@cornell.edu,Agender,Odessa
379,Devondra,Barrett,dbarrettai@is.gd,Female,Luzhang
380,Armin,Isoldi,aisoldiaj@csmonitor.com,Male,Siemiechów
381,Nanon,Ind,nindak@unc.edu,Male,Sayán
382,Genna,Feehery,gfeeheryal@livejournal.com,Female,Senj
383,Misha,Wardington,mwardingtonam@topsy.com,Female,Jajaway
384,Guglielma,Burridge,gburridgean@google.ru,Male,Yamen
385,Magdalene,Michieli,mmichieliao@mayoclinic.com,Female,Villa Allende
386,Tymon,Copeland,tcopelandap@google.ca,Female,Stalbe
387,Bonny,Jaouen,bjaouenaq@adobe.com,Male,Portoviejo
388,Emmanuel,Colafate,ecolafatear@alibaba.com,Female,Carapicuíba
389,Jeff,Magson,jmagsonas@163.com,Male,Suez
390,Stormy,Dewey,sdeweyat@intel.com,Genderfluid,Castelo
391,Sibeal,Birtles,sbirtlesau@blogs.com,Female,Nanjiao
392,Blondell,Matijasevic,bmatijasevicav@usnews.com,Female,San Luis
393,Shanna,Duham,sduhamaw@spiegel.de,Non-binary,Shangjiangxu
394,Rebeca,Tuxwell,rtuxwellax@naver.com,Female,Basīrpur
395,Evan,Hannah,ehannahay@wiley.com,Female,Ushi
396,Leshia,Skip,lskipaz@purevolume.com,Male,Tierp
397,Dasi,Tennison,dtennisonb0@earthlink.net,Male,Jianmin
398,Jemie,Erbe,jerbeb1@networksolutions.com,Female,Puerto Boyacá
399,Beale,Yaknov,byaknovb2@google.com.au,Female,Centenario
400,Nisse,Boards,nboardsb3@theguardian.com,Genderfluid,Tunoshna
401,Moises,Bardell,mbardellb4@columbia.edu,Female,Jastrzębia Góra
402,Helge,Glasscoo,hglasscoob5@ameblo.jp,Male,Solok
403,Dena,Fincke,dfinckeb6@about.me,Female,Fulu
404,Darcy,Carsey,dcarseyb7@army.mil,Male,Barakī Barak
405,Corenda,Tully,ctullyb8@webeden.co.uk,Male,Mineralnye Vody
406,Giulia,Leggin,glegginb9@whitehouse.gov,Male,Rengo
407,Brandyn,Yukhnov,byukhnovba@g.co,Female,Xiaojin
408,Renee,Tunstall,rtunstallbb@free.fr,Female,Sertânia
409,Elaina,Saffen,esaffenbc@nydailynews.com,Female,Baxiangshan
410,Jasmina,Cannon,jcannonbd@spiegel.de,Genderqueer,Ivry-sur-Seine
411,Koral,Ivons,kivonsbe@yale.edu,Female,Tangjin
412,Iona,Raund,iraundbf@desdev.cn,Female,Cícero Dantas
413,Paola,Culwen,pculwenbg@google.co.uk,Male,Qifang
414,Marjory,Petcher,mpetcherbh@china.com.cn,Female,Pardubice
415,Dode,Dagwell,ddagwellbi@acquirethisname.com,Female,Pokrovskoye
416,Cosimo,MacAulay,cmacaulaybj@slideshare.net,Male,Uppsala
417,Roanna,McPhate,rmcphatebk@utexas.edu,Male,Bomomani
418,Ina,Donovin,idonovinbl@gov.uk,Female,Potoci
419,Fabien,Dearle-Palser,fdearlepalserbm@blogspot.com,Male,Shilibu
420,Lanny,Kauble,lkaublebn@1688.com,Female,Tokār
421,Welby,Cleugher,wcleugherbo@ezinearticles.com,Male,Huangjin
422,Missie,Hardison,mhardisonbp@themeforest.net,Female,Hougang
423,Neils,Shilling,nshillingbq@icq.com,Non-binary,Fatufeto
424,Jerald,Wallis,jwallisbr@biglobe.ne.jp,Female,Carson City
425,Braden,Paullin,bpaullinbs@ft.com,Male,Liangzeng
426,Waite,Leatherland,wleatherlandbt@clickbank.net,Male,Santa Cruz Muluá
427,Alexa,Muston,amustonbu@ycombinator.com,Male,Shanghudi
428,Mason,Lunney,mlunneybv@qq.com,Female,Byala
429,Eada,Boij,eboijbw@nbcnews.com,Male,Rosário do Sul
430,Isadore,Holsey,iholseybx@stanford.edu,Female,Sidi Qacem
431,Mariska,Brashaw,mbrashawby@cbslocal.com,Female,Barreiros
432,Creigh,Klammt,cklammtbz@businessinsider.com,Agender,Dnestrovsc
433,Corrinne,Martyns,cmartynsc0@columbia.edu,Female,Rozkishne
434,Carmon,Kynder,ckynderc1@ucoz.ru,Female,Žebrák
435,Tadeo,Brugger,tbruggerc2@mtv.com,Female,Jubaoshan
436,Lucille,Lomb,llombc3@mashable.com,Female,Lambangan Kulon
437,Ermanno,Clempton,eclemptonc4@twitpic.com,Female,Koslan
438,Rhetta,Streets,rstreetsc5@cornell.edu,Bigender,Kembangan
439,Christean,Davidde,cdaviddec6@issuu.com,Female,La Francia
440,Agatha,Freckingham,afreckinghamc7@meetup.com,Female,Twante
441,Cecilia,Clayfield,cclayfieldc8@networkadvertising.org,Male,Matsutō
442,Lisetta,Greggor,lgreggorc9@chron.com,Female,Santo Niño
443,Kimberly,Kesby,kkesbyca@microsoft.com,Male,Khānpur
444,Trisha,Jervois,tjervoiscb@google.fr,Female,Baruta
445,Juliana,Pietruszewicz,jpietruszewiczcc@51.la,Female,Puck
446,Glenna,Brady,gbradycd@ovh.net,Female,Semibratovo
447,Eirena,Pellitt,epellittce@nationalgeographic.com,Female,Oranmore
448,Rabi,Walewski,rwalewskicf@thetimes.co.uk,Male,Rychwał
449,Marlyn,Beneze,mbenezecg@vinaora.com,Female,Villanueva
450,Nicolina,Liverseege,nliverseegech@hatena.ne.jp,Female,Al Qurayshīyah
451,Olenka,Cowill,ocowillci@si.edu,Female,Hengjie
452,Tore,Hulett,thulettcj@4shared.com,Male,San Juan de Dios
453,Rosana,Acres,racresck@ftc.gov,Male,Qimeng
454,Britt,Cadalleder,bcadalledercl@ning.com,Male,Xibu
455,Jim,Hazeup,jhazeupcm@devhub.com,Male,Adolfo Ruiz Cortines
456,Carlynne,Shortan,cshortancn@alibaba.com,Male,Fengkou
457,Chen,Gooddy,cgooddyco@unesco.org,Male,San Roque
458,Nichols,Stones,nstonescp@engadget.com,Female,Tumbagaan
459,Netti,Ridel,nridelcq@netlog.com,Female,Quintã
460,Cacilia,Mylan,cmylancr@addthis.com,Female,Altay
461,Carlyn,Reedman,creedmancs@mac.com,Male,Mataya
462,Moss,Banbridge,mbanbridgect@wisc.edu,Female,Bayanhongor
463,Karna,Berardt,kberardtcu@w3.org,Female,El Paso
464,Dorella,Shama,dshamacv@opensource.org,Male,Saraqinishtë
465,Meghann,Ough,moughcw@hugedomains.com,Female,Le Perreux-sur-Marne
466,Caty,Malham,cmalhamcx@yale.edu,Male,Xinzhou
467,Eloise,Josephoff,ejosephoffcy@sina.com.cn,Female,Huacrapuquio
468,Jarrid,Blackmuir,jblackmuircz@bigcartel.com,Male,Barrio San Luis
469,Alane,Haining,ahainingd0@yolasite.com,Male,Carvalho
470,Aubrette,Norquay,anorquayd1@engadget.com,Male,Waepau
471,Othelia,Sheraton,osheratond2@thetimes.co.uk,Female,Conima
472,Cirilo,Beceril,cbecerild3@usatoday.com,Female,San Simón
473,Cristen,Roarty,croartyd4@pen.io,Male,Monte
474,Tod,Reignolds,treignoldsd5@unesco.org,Female,Puzi
475,Zolly,Finlayson,zfinlaysond6@mayoclinic.com,Male,Dengzhou
476,Adam,Brame,abramed7@telegraph.co.uk,Female,Goodlands
477,Jesus,Trenaman,jtrenamand8@oaic.gov.au,Male,Longsha
478,Nick,Tucsell,ntucselld9@51.la,Male,Palampal
479,Ruprecht,Anchor,ranchorda@google.com.hk,Female,Jielong
480,Shawn,Bubb,sbubbdb@opensource.org,Male,Dunmanway
481,Raleigh,Holdron,rholdrondc@e-recht24.de,Male,Beaverton
482,Shelton,Poulsum,spoulsumdd@yolasite.com,Agender,Sumberbaru
483,Jeffry,Spollen,jspollende@cdc.gov,Genderqueer,Wulan
484,Farrand,Gilks,fgilksdf@wikispaces.com,Female,Yanahuanca
485,Suzette,Tween,stweendg@harvard.edu,Male,Shilovo
486,Rory,Gauvin,rgauvindh@ucla.edu,Male,Marapanim
487,Dex,Veale,dvealedi@moonfruit.com,Female,Popayán
488,Phillis,Biasi,pbiasidj@oracle.com,Female,Kambingan
489,Basilius,Tal,btaldk@auda.org.au,Female,Koceljeva
490,Jewelle,Turvey,jturveydl@tripadvisor.com,Female,Kara Suu
491,Mendie,Okie,mokiedm@foxnews.com,Male,West Hartford
492,Law,Rispin,lrispindn@columbia.edu,Male,Bartolomé Masó
493,Holmes,Robet,hrobetdo@un.org,Agender,Tayum
494,Brietta,Di Filippo,bdifilippodp@blog.com,Male,Jingzhou
495,Minda,Martijn,mmartijndq@cloudflare.com,Female,Bukonyo
496,Arman,Farthing,afarthingdr@last.fm,Female,Tessalit
497,Virginie,Thomsen,vthomsends@freewebs.com,Male,Västerås
498,Benedetto,Tune,btunedt@kickstarter.com,Female,Visby
499,Garret,Rideout,grideoutdu@youku.com,Male,Sumqayıt
500,Manya,Bayns,mbaynsdv@miitbeian.gov.cn,Male,Xin’an
501,Pat,Layzell,playzelldw@ucla.edu,Male,Tiztoutine
502,Leland,Allcoat,lallcoatdx@cnet.com,Genderfluid,Ōta
503,Ofelia,Quiney,oquineydy@vk.com,Male,Lovran
504,Cornell,Overlow,coverlowdz@slashdot.org,Female,Yakovlevo
505,Xylina,Ambage,xambagee0@jalbum.net,Female,Tsaghveri
506,Niko,Stearnes,nstearnese1@java.com,Female,Muara Dua
507,Ondrea,Thews,othewse2@phpbb.com,Male,Oslo
508,Diannne,Swoffer,dswoffere3@phpbb.com,Male,Lutun
509,Wendi,Barnicott,wbarnicotte4@plala.or.jp,Male,Lökbatan
510,Chrystel,Bundock,cbundocke5@ucoz.ru,Female,Bzou
511,Hervey,Caiger,hcaigere6@army.mil,Male,Xiakou
512,Randell,Sandom,rsandome7@amazonaws.com,Female,Kalapanunggal
513,Gaby,Camp,gcampe8@opera.com,Female,Zielonka
514,Orrin,Paunton,opauntone9@skyrock.com,Female,Sirdaryo
515,Tristan,Gascard,tgascardea@wikipedia.org,Bigender,Bystryanka
516,Pippo,Ozintsev,pozintseveb@blog.com,Male,Baimaqiao
517,Creigh,McNeice,cmcneiceec@techcrunch.com,Female,Vayk’
518,Darb,Faye,dfayeed@slate.com,Female,El Alto
519,Dulcea,Heinritz,dheinritzee@amazon.co.uk,Male,Saint Louis
520,Cameron,McNab,cmcnabef@histats.com,Male,Dresden
521,Lesley,Powell,lpowelleg@dagondesign.com,Male,Alebtong
522,Joyous,Axe,jaxeeh@xrea.com,Male,Maumbawa
523,Nicoline,Cooke,ncookeei@scribd.com,Bigender,Jingzhuang
524,Rolando,Shrubshall,rshrubshallej@netlog.com,Male,Arzakan
525,Wilbert,Assiter,wassiterek@ucoz.ru,Male,Longwei
526,Stacy,Wiszniewski,swiszniewskiel@ox.ac.uk,Male,Kraśnik
527,Caprice,Hebborne,chebborneem@army.mil,Male,Shums’k
528,Zeke,Francombe,zfrancombeen@uol.com.br,Female,Ban Phai
529,Ring,Kaplin,rkaplineo@mit.edu,Male,Chashan
530,Cordi,Asson,cassonep@amazon.com,Male,København
531,Ronni,Wilshire,rwilshireeq@mysql.com,Male,Shewopo
532,Dwayne,Stitwell,dstitweller@toplist.cz,Female,Danzi
533,Matelda,Abrahamowitcz,mabrahamowitczes@privacy.gov.au,Female,Edineţ
534,Shantee,Pelling,spellinget@unesco.org,Genderfluid,Dzhiginka
535,Ricoriki,Heathorn,rheathorneu@arstechnica.com,Male,Linköping
536,Bartel,Attenbarrow,battenbarrowev@phoca.cz,Male,Hidalgo
537,Elane,Ledwith,eledwithew@miitbeian.gov.cn,Male,Gōtsuchō
538,Alec,Ormes,aormesex@netvibes.com,Male,Khoronk’
539,Annabell,Adin,aadiney@1und1.de,Female,Santander de Quilichao
540,Angil,Boote,abooteez@desdev.cn,Male,Niulanshan
541,Karrah,Heritege,kheritegef0@aboutads.info,Female,Nazca
542,Karel,Rosenauer,krosenauerf1@apple.com,Male,Puyuan
543,Dolly,Twydell,dtwydellf2@lulu.com,Male,Palmares
544,Katherine,Marioneau,kmarioneauf3@salon.com,Male,Grand Bank
545,Christiana,Dilnot,cdilnotf4@dmoz.org,Male,Margorejo
546,Vittoria,Addington,vaddingtonf5@paginegialle.it,Female,Pasarbaru
547,Emlen,Mickleburgh,emickleburghf6@blinklist.com,Male,Qarqaraly
548,Del,Mattingly,dmattinglyf7@com.com,Female,Harbutowice
549,Royal,McElvogue,rmcelvoguef8@huffingtonpost.com,Male,Zwolle
550,Kean,Filipic,kfilipicf9@cisco.com,Male,Zamora
551,Clair,Klassman,cklassmanfa@oaic.gov.au,Male,Tākestān
552,Sybilla,Brunelli,sbrunellifb@bravesites.com,Male,Xinji
553,Oralee,Bremond,obremondfc@de.vu,Male,Saint-Quentin-en-Yvelines
554,Jacqueline,Mulcock,jmulcockfd@slate.com,Male,Lingzhi
555,Kristos,Higford,khigfordfe@google.it,Male,Maroúsi
556,Hanni,Elen,helenff@slideshare.net,Female,Ḩajjah
557,Arlene,Whitters,awhittersfg@nih.gov,Male,Golubac
558,Michal,Furmston,mfurmstonfh@army.mil,Female,Sasa
559,Nealon,Redford,nredfordfi@blogger.com,Female,Cortiços
560,Winny,Laverack,wlaverackfj@hibu.com,Male,Novais
561,Antonella,Bumpass,abumpassfk@goo.gl,Female,San Jose
562,Natka,Noseworthy,nnoseworthyfl@sina.com.cn,Female,Zaoshi
563,Ennis,MacAlpyne,emacalpynefm@163.com,Female,Yangping
564,Herold,Lindenboim,hlindenboimfn@buzzfeed.com,Male,Shinjō
565,Aloin,Windley,awindleyfo@java.com,Polygender,Baoxing
566,Thacher,Cannaway,tcannawayfp@businessinsider.com,Female,Crespo
567,Fenelia,Ziemecki,fziemeckifq@infoseek.co.jp,Male,Sheli
568,Samuel,Gregolotti,sgregolottifr@who.int,Female,Xiangxiang
569,Kermy,Steaning,ksteaningfs@a8.net,Polygender,Murça
570,Deedee,Pellman,dpellmanft@adobe.com,Male,Gēdo
571,Keenan,Salerg,ksalergfu@networkadvertising.org,Male,Jajce
572,Natasha,Kennham,nkennhamfv@who.int,Male,Coutada
573,Geraldine,Teggin,gtegginfw@slideshare.net,Male,Fandriana
574,Moises,Spradbrow,mspradbrowfx@weibo.com,Genderqueer,Dabat
575,Flem,Withinshaw,fwithinshawfy@hexun.com,Female,Mazra‘at Bayt Jinn
576,Quent,Blunn,qblunnfz@vistaprint.com,Female,Novaya Chigla
577,Kristian,Shiel,kshielg0@addtoany.com,Male,Maintirano
578,Chip,Whinray,cwhinrayg1@google.co.uk,Genderqueer,Cidolog
579,Dell,Fricker,dfrickerg2@wordpress.com,Female,Bayasgalant
580,Salvador,Maypowder,smaypowderg3@elegantthemes.com,Female,Fairview
581,Marylee,Trappe,mtrappeg4@un.org,Male,Yongle
582,Ashien,Gottschalk,agottschalkg5@toplist.cz,Female,Citatah Kaler
583,Baily,Wildey,bwildeyg6@drupal.org,Female,Lyon
584,Pryce,Stegers,pstegersg7@sitemeter.com,Non-binary,Tanjung
585,Waiter,Fancutt,wfancuttg8@skyrock.com,Male,Bhātpāra Abhaynagar
586,Marchall,Storck,mstorckg9@cocolog-nifty.com,Female,Virginia Beach
587,Kelsey,Skedge,kskedgega@npr.org,Female,Debe
588,Glad,Probbings,gprobbingsgb@icio.us,Male,Tānsen
589,Melvyn,Oller,mollergc@smh.com.au,Male,Nuits-Saint-Georges
590,Belicia,Eldershaw,beldershawgd@skype.com,Female,Bayt al ‘Awābī
591,Franzen,Jedrasik,fjedrasikge@plala.or.jp,Male,Pedro Sánchez
592,Cherri,Handmore,chandmoregf@unicef.org,Male,Dahe
593,Augustin,Mulholland,amulhollandgg@shop-pro.jp,Female,Rio Negrinho
594,Blaine,Duham,bduhamgh@csmonitor.com,Genderqueer,Kefar Yona
595,Tabitha,Sebert,tsebertgi@diigo.com,Female,Ponte Nova
596,Harriot,Trundell,htrundellgj@cbslocal.com,Female,Müllendorf
597,Helge,Rout,hroutgk@seattletimes.com,Male,Oni
598,Erica,Brownsall,ebrownsallgl@fda.gov,Male,Malimaneek
599,York,Careswell,ycareswellgm@oakley.com,Female,Pappadátes
600,Igor,Quilligan,iquilligangn@geocities.com,Female,San Antonio
601,Josey,Taudevin,jtaudevingo@networksolutions.com,Male,Annecy
602,Roberto,Musla,rmuslagp@ning.com,Female,Adamstown
603,Beatrisa,Broek,bbroekgq@si.edu,Male,Las Flores
604,Virgina,Killeley,vkilleleygr@free.fr,Female,Béziers
605,Daniella,Propper,dproppergs@google.pl,Female,Xinjiebu
606,Beltran,Jacobs,bjacobsgt@wisc.edu,Female,Otwock
607,Dacia,Peppin,dpeppingu@mapquest.com,Female,Åhus
608,Janeva,Farncombe,jfarncombegv@cafepress.com,Male,São Gonçalo do Sapucaí
609,Kevan,Vasilechko,kvasilechkogw@amazon.co.uk,Genderqueer,Saint-Maurice-l'Exil
610,Hedy,Kach,hkachgx@imageshack.us,Female,Corinto
611,Sherie,Sargood,ssargoodgy@forbes.com,Female,Bontang
612,Ashton,Daynter,adayntergz@reddit.com,Agender,Badaogu
613,Christabel,Tunmore,ctunmoreh0@independent.co.uk,Female,Delicias
614,Rich,Gautrey,rgautreyh1@msn.com,Female,Sundbyberg
615,Georgie,Mansford,gmansfordh2@google.com.br,Male,Kute
616,Laurella,Quene,lqueneh3@jalbum.net,Male,Muye
617,Flore,Audibert,faudiberth4@unesco.org,Female,Młynary
618,Lanette,Sotheby,lsothebyh5@pcworld.com,Male,Wenheng
619,Alphonso,Lindores,alindoresh6@alexa.com,Female,Jabon
620,Vladamir,Ickovici,vickovicih7@delicious.com,Female,Argayash
621,Helli,Paschek,hpaschekh8@nifty.com,Female,Las Flores
622,Sid,Twelftree,stwelftreeh9@4shared.com,Female,Talok
623,Annelise,Statter,astatterha@jalbum.net,Male,Phú Thái
624,Danielle,Turmel,dturmelhb@china.com.cn,Female,Jinping
625,Dalis,Pardi,dpardihc@wikipedia.org,Female,San Jose Village
626,Maury,Gouly,mgoulyhd@whitehouse.gov,Male,Ducheng
627,Teena,Pydcock,tpydcockhe@bizjournals.com,Male,Épinal
628,Cristionna,Edmunds,cedmundshf@who.int,Female,Khotiv
629,Murvyn,Foggo,mfoggohg@businessweek.com,Female,Əhmədbəyli
630,Clementius,Murrigans,cmurriganshh@hubpages.com,Non-binary,Tsaghkadzor
631,Oralie,Josselsohn,ojosselsohnhi@posterous.com,Female,Bell Ville
632,Kimberlee,Mannakee,kmannakeehj@cbc.ca,Male,Huangtugang
633,Valina,Haxley,vhaxleyhk@archive.org,Male,Jönköping
634,Annie,Firby,afirbyhl@pcworld.com,Male,Itacarambi
635,Nick,McKerron,nmckerronhm@etsy.com,Male,Mandalt
636,Ollie,Burbidge,oburbidgehn@github.io,Female,Montenegro
637,Anton,Hoffner,ahoffnerho@trellian.com,Male,Mońki
638,Tybie,Buxcy,tbuxcyhp@bigcartel.com,Male,Makariv
639,Michele,Shambrooke,mshambrookehq@yellowpages.com,Female,Tambakbaya
640,Meridel,Strangward,mstrangwardhr@dropbox.com,Female,Bayangol
641,Brnaby,Della Scala,bdellascalahs@dagondesign.com,Male,Mulleriyawa
642,Ernesto,Brader,ebraderht@census.gov,Male,Jiaowei
643,Allianora,Dunstall,adunstallhu@miibeian.gov.cn,Female,Kurmuk
644,Jules,Steutly,jsteutlyhv@infoseek.co.jp,Male,Dianzi
645,Trixy,Valadez,tvaladezhw@wp.com,Male,Linxia Chengguanzhen
646,Alysa,Spilsburie,aspilsburiehx@diigo.com,Female,Cantao-an
647,Keefe,Sancho,ksanchohy@dmoz.org,Male,Kalangbret
648,Cori,Desseine,cdesseinehz@storify.com,Female,Shatura
649,Marrilee,Seamark,mseamarki0@github.com,Female,Qingyuan
650,Budd,Deschelle,bdeschellei1@jiathis.com,Male,Gaotian
651,Georg,Alasdair,galasdairi2@wired.com,Male,Vigo
652,Joelie,Lewtey,jlewteyi3@youtube.com,Female,Chefchaouene
653,Laurene,Spiaggia,lspiaggiai4@gravatar.com,Male,Kaliprak
654,Wes,Killelay,wkillelayi5@fema.gov,Male,Sumberbaru
655,Otha,Harradine,oharradinei6@google.com.br,Female,Sucre
656,Trina,Bromidge,tbromidgei7@sciencedirect.com,Female,Huaitu
657,Palmer,Haney`,phaneyi8@netlog.com,Male,Huanghu
658,Channa,Coite,ccoitei9@si.edu,Female,Strel'na
659,Jade,Leyband,jleybandia@europa.eu,Male,Nyzhni Sirohozy
660,Amabel,Wiper,awiperib@bravesites.com,Female,Bwizibwera
661,Mirelle,Seedhouse,mseedhouseic@google.co.uk,Female,Nyalindung
662,Ursala,Antognelli,uantognelliid@paginegialle.it,Male,Summerside
663,Flss,Moorton,fmoortonie@fema.gov,Male,Safakulevo
664,Teddie,Machan,tmachanif@addtoany.com,Male,Mendoza
665,Iolanthe,Finneran,ifinneranig@xinhuanet.com,Female,Sápes
666,Glenden,Gout,ggoutih@mapy.cz,Male,Palkovice
667,Fidole,Shynn,fshynnii@illinois.edu,Male,Baima
668,Lorenzo,Rubee,lrubeeij@comcast.net,Male,El Paso
669,Wallie,Scedall,wscedallik@harvard.edu,Non-binary,Haruai
670,Eduardo,Sonier,esonieril@guardian.co.uk,Male,Nyahururu
671,Craggy,Kyteley,ckyteleyim@parallels.com,Male,Holma
672,Leda,Heugel,lheugelin@netscape.com,Female,Lago da Pedra
673,Maybelle,Teal,mtealio@google.ru,Male,Nangalisan
674,Maryellen,Bramer,mbramerip@google.ca,Male,Xiabuji
675,Margareta,Butrimovich,mbutrimovichiq@live.com,Male,Jianfeng
676,Kaile,Pavlenko,kpavlenkoir@dailymail.co.uk,Female,Uzgen
677,Avram,Geal,agealis@unblog.fr,Male,Itajuípe
678,Ulric,Ballston,uballstonit@paginegialle.it,Male,Sandata
679,Jarid,Portch,jportchiu@examiner.com,Male,Cigebrok
680,Lenore,Vinas,lvinasiv@theguardian.com,Male,Nezlobnaya
681,Rafaelita,McCulley,rmcculleyiw@independent.co.uk,Male,Cibatuireng
682,Brendis,Keach,bkeachix@cloudflare.com,Female,A-da-Gorda
683,Tobiah,Sodo,tsodoiy@state.tx.us,Female,Nantang
684,Quillan,Southam,qsouthamiz@sourceforge.net,Male,São Manços
685,Steven,Abthorpe,sabthorpej0@odnoklassniki.ru,Female,Pajeksan
686,Carmelita,Lynds,clyndsj1@weather.com,Female,Hayama
687,Burt,Swadlen,bswadlenj2@npr.org,Female,Indaial
688,Che,Trigwell,ctrigwellj3@scientificamerican.com,Female,Vårgårda
689,Kele,Parkhouse,kparkhousej4@opera.com,Agender,Serere
690,Mollie,Doghartie,mdoghartiej5@123-reg.co.uk,Genderqueer,Huangtu
691,Evan,Stamper,estamperj6@ow.ly,Male,Mujiangping
692,Erda,Dundridge,edundridgej7@com.com,Male,Seara
693,Alphonso,Leuren,aleurenj8@amazon.co.jp,Female,Esquipulas Palo Gordo
694,Ashley,Abram,aabramj9@booking.com,Female,Bakersfield
695,Hestia,McClosh,hmccloshja@businessinsider.com,Female,Nowe Skalmierzyce
696,Robinetta,Penddreth,rpenddrethjb@ibm.com,Male,Gunjur Kuta
697,Maximilian,Soles,msolesjc@google.es,Female,Konakridee
698,Ingaborg,Silverthorn,isilverthornjd@vkontakte.ru,Male,Hammam Sousse
699,Stearn,Brookton,sbrooktonje@nba.com,Female,Osapsio
700,Letti,Bromont,lbromontjf@twitter.com,Female,Tarakaniv
701,Glynis,Sexty,gsextyjg@latimes.com,Male,Zaplavnoye
702,Weber,Deinhard,wdeinhardjh@buzzfeed.com,Female,Neglasari
703,Brandi,Kobera,bkoberaji@va.gov,Male,Lanta Timur
704,Lori,Rasher,lrasherjj@eventbrite.com,Male,Wuxi
705,Alie,Gabala,agabalajk@stanford.edu,Female,Santo Rosario
706,Friedrick,Chessun,fchessunjl@liveinternet.ru,Agender,Fuqiang
707,Miner,Mucklow,mmucklowjm@xing.com,Male,Curuan
708,Jimmie,Brian,jbrianjn@vinaora.com,Female,Bum Bum
709,Fifine,Vanin,fvaninjo@topsy.com,Male,Sambiyan
710,Cecil,Seaborn,cseabornjp@biglobe.ne.jp,Male,Chitungwiza
711,Claudie,Alchin,calchinjq@nyu.edu,Bigender,Koga
712,Amalie,Seeney,aseeneyjr@tmall.com,Male,Gamboula
713,Maren,Vanyashkin,mvanyashkinjs@usnews.com,Male,Costa Sacate
714,Tyrus,Saby,tsabyjt@indiegogo.com,Female,Vale Boeiro
715,Kissiah,Keddy,kkeddyju@sfgate.com,Male,Bryan
716,Jefferey,Swepstone,jswepstonejv@weather.com,Male,Lambangan Kulon
717,Sancho,Ofener,sofenerjw@bing.com,Male,Ресен
718,Tressa,Rigmand,trigmandjx@goo.ne.jp,Male,Lopar
719,Fidelity,MacNeachtain,fmacneachtainjy@posterous.com,Female,København
720,Benn,Fayter,bfayterjz@thetimes.co.uk,Female,Minchinābād
721,Clarey,D'Onise,cdonisek0@hexun.com,Female,Karanganyar
722,Georgena,Winckworth,gwinckworthk1@addthis.com,Female,Kagawasan
723,Lewes,Larrad,llarradk2@typepad.com,Agender,Ludvika
724,Filip,Gosker,fgoskerk3@state.gov,Male,Aminga
725,Dehlia,Houchen,dhouchenk4@fema.gov,Male,Klevan’
726,Zora,O' Finan,zofinank5@w3.org,Female,Leramatang
727,Tiffie,Theunissen,ttheunissenk6@reddit.com,Male,Dushan
728,Francesca,Rene,frenek7@usatoday.com,Male,Zürich
729,Nelie,Merveille,nmerveillek8@nsw.gov.au,Male,Héroumbili
730,Nap,Jedryka,njedrykak9@yale.edu,Male,Boxholm
731,Emmi,Lowdes,elowdeska@home.pl,Female,Santa Cruz de Guacas
732,Laughton,Windross,lwindrosskb@nih.gov,Female,Coromandel
733,Rik,Pisculli,rpiscullikc@blogspot.com,Male,Pacaycasa
734,Fonzie,Finessy,ffinessykd@yellowbook.com,Female,Whittier
735,Barbaraanne,Spada,bspadake@tripod.com,Female,Köln
736,Blayne,Tudgay,btudgaykf@hp.com,Female,Yingwusitang
737,Jayme,Woodham,jwoodhamkg@networksolutions.com,Female,Xinzhuang
738,Kim,Bifield,kbifieldkh@ezinearticles.com,Male,Tungoo
739,Minta,Hiom,mhiomki@fastcompany.com,Male,Tha Bo
740,Umeko,Rosenshine,urosenshinekj@dailymail.co.uk,Male,Lanlongkou
741,Simone,Southwood,ssouthwoodkk@blog.com,Male,Sarishābāri
742,Florina,Wroe,fwroekl@altervista.org,Male,Jinka
743,Lonnard,Benoy,lbenoykm@blinklist.com,Female,Awjilah
744,Con,Geertje,cgeertjekn@list-manage.com,Male,Hashimoto
745,Deny,Hughes,dhughesko@patch.com,Male,Wat Bot
746,Roana,Tomkins,rtomkinskp@cmu.edu,Female,Lyon
747,Othello,Roskelley,oroskelleykq@g.co,Female,Norton
748,Milena,Bettesworth,mbettesworthkr@berkeley.edu,Male,Patayac
749,Britni,Whitehouse,bwhitehouseks@blinklist.com,Female,Emiliano Zapata
750,Cart,Cortnay,ccortnaykt@phpbb.com,Female,Sîngerei
751,Cammy,Theyer,ctheyerku@reference.com,Male,Samagaltay
752,Hamlen,McSwan,hmcswankv@imageshack.us,Male,Lonya Chico
753,Jemmie,Dongles,jdongleskw@dell.com,Female,Rahayu Dua
754,Camel,Gold,cgoldkx@foxnews.com,Female,Sophia Antipolis
755,Evy,Job,ejobky@geocities.jp,Male,Farrokh Shahr
756,Isidore,Tocque,itocquekz@mysql.com,Female,Hōfu
757,Dinnie,Carlo,dcarlol0@google.com.br,Female,Daliciasao
758,Min,Djurevic,mdjurevicl1@cnbc.com,Agender,Jiegan
759,Phip,Herculson,pherculsonl2@geocities.com,Female,Farsta
760,Fiann,MacAlinden,fmacalindenl3@mac.com,Female,Ino
761,Shelli,Aglione,saglionel4@facebook.com,Female,Dazhou
762,Myer,Fierman,mfiermanl5@stanford.edu,Male,Tagnanan
763,Stevie,Baylie,sbayliel6@bing.com,Male,Al ‘Aqabah
764,Tammie,Riccioppo,triccioppol7@1und1.de,Female,Rēzekne
765,Hyman,Visick,hvisickl8@g.co,Male,Privolzhsk
766,Jay,Goodayle,jgoodaylel9@friendfeed.com,Male,San Jose
767,Eldin,Giraudy,egiraudyla@nbcnews.com,Female,Schenectady
768,Kassi,Geram,kgeramlb@hhs.gov,Male,Pecna
769,Heather,Wrathmell,hwrathmelllc@naver.com,Female,Zangbi
770,Gilli,Comar,gcomarld@jimdo.com,Female,Bradashesh
771,Jobyna,Strass,jstrassle@domainmarket.com,Female,Santa Bernardina
772,Sally,Mulvey,smulveylf@sogou.com,Male,Nanhuatang
773,Cyrille,Duker,cdukerlg@house.gov,Female,Paghmān
774,Carree,Langcaster,clangcasterlh@wix.com,Female,Otavalo
775,Catharine,Copes,ccopesli@examiner.com,Male,Cigemlong
776,Hanan,Bailess,hbailesslj@hibu.com,Male,Szczerbice
777,Hyman,Seckington,hseckingtonlk@bluehost.com,Agender,Itaúna
778,Tony,Espinola,tespinolall@miibeian.gov.cn,Female,Ambositra
779,Letizia,Casoni,lcasonilm@netlog.com,Polygender,Cachoeira do Sul
780,Thedric,Gemlett,tgemlettln@flickr.com,Genderfluid,Ardazubre
781,Wesley,Furzey,wfurzeylo@ifeng.com,Female,Porangaba
782,Glory,Tween,gtweenlp@google.com.au,Male,Carauari
783,Vania,Murford,vmurfordlq@cdc.gov,Male,Rainis
784,Chickie,Duester,cduesterlr@ox.ac.uk,Female,Serebryanyye Prudy
785,Arv,Goldie,agoldiels@artisteer.com,Male,‘Abbāsābād
786,Averell,Cadge,acadgelt@shop-pro.jp,Male,Shahumyan
787,Zorah,Vanner,zvannerlu@imageshack.us,Male,Skrzyszów
788,Elsbeth,Krzysztofiak,ekrzysztofiaklv@baidu.com,Male,Kuala Lumpur
789,Diane-marie,Babbs,dbabbslw@eepurl.com,Male,Batatais
790,Hill,Rings,hringslx@prnewswire.com,Female,Shorapani
791,Godfree,Ritchard,gritchardly@twitpic.com,Male,Modot
792,Sari,Neads,sneadslz@japanpost.jp,Female,Villanueva
793,Rani,Algate,ralgatem0@addthis.com,Male,Dangshun
794,Artemas,Healeas,ahealeasm1@hostgator.com,Female,Banjar Jabejero
795,Delora,Gasson,dgassonm2@multiply.com,Male,San Cristobal
796,Dulcine,Hardware,dhardwarem3@nih.gov,Non-binary,Greensboro
797,Elsey,Sneesby,esneesbym4@bizjournals.com,Male,Chok Chai
798,Paule,Clemmens,pclemmensm5@arstechnica.com,Male,Bojszowy Nowe
799,Deck,Olley,dolleym6@mail.ru,Non-binary,Podporozh’ye
800,Jard,Ruppeli,jruppelim7@abc.net.au,Male,Évosmos
801,Eugenius,Kildale,ekildalem8@studiopress.com,Male,Kalchevaya
802,Corrinne,Bottjer,cbottjerm9@merriam-webster.com,Female,Pshekhskaya
803,Anica,Hurring,ahurringma@cam.ac.uk,Female,Mangochi
804,Celestyna,Champley,cchampleymb@dagondesign.com,Male,Salima
805,Rhonda,Mincher,rminchermc@tripadvisor.com,Female,Jamaica
806,Darb,Crabbe,dcrabbemd@hp.com,Male,Tyresö
807,Kaile,Cheavin,kcheavinme@sphinn.com,Female,Lomme
808,Karel,Padefield,kpadefieldmf@t-online.de,Male,Ferreñafe
809,Amye,Lutwyche,alutwychemg@typepad.com,Female,Sangoleng
810,Loleta,Gillion,lgillionmh@hibu.com,Male,Nacimiento
811,Mercie,Mougeot,mmougeotmi@discuz.net,Male,Pagsabangan
812,Janet,Loveredge,jloveredgemj@yahoo.com,Male,Bofuer
813,Netty,Brimblecomb,nbrimblecombmk@techcrunch.com,Female,Nanterre
814,Iggy,Dickins,idickinsml@prnewswire.com,Female,Baidoa
815,Celestyna,Pipes,cpipesmm@who.int,Male,Aguadulce
816,Natividad,Gingel,ngingelmn@artisteer.com,Male,Ourinhos
817,Herminia,Paszek,hpaszekmo@eventbrite.com,Female,Luan Balu
818,Livvie,Cowlam,lcowlammp@github.com,Female,Xiaofayi
819,Avril,Beumant,abeumantmq@chicagotribune.com,Male,Meylan
820,Rosemonde,Cutler,rcutlermr@indiatimes.com,Female,Charlottenberg
821,Benedicto,Hammersley,bhammersleyms@sfgate.com,Male,Mirosławiec
822,Nike,Garrand,ngarrandmt@ftc.gov,Female,Chigasaki
823,Meghan,Beecheno,mbeechenomu@tamu.edu,Agender,Kaltan
824,Birdie,Hawick,bhawickmv@blog.com,Non-binary,Shahumyan
825,Farr,MacManus,fmacmanusmw@creativecommons.org,Female,Gunajaya
826,Walker,Baylie,wbayliemx@prlog.org,Male,Rupe
827,Kelsy,Piesold,kpiesoldmy@skyrock.com,Female,Paris 11
828,Krystalle,Gerant,kgerantmz@businessweek.com,Male,Mokwa
829,Barde,Mewhirter,bmewhirtern0@bloglovin.com,Male,Iłowo -Osada
830,Artemas,Kitcat,akitcatn1@nbcnews.com,Female,Smilavichy
831,Veronike,Dubique,vdubiquen2@bloomberg.com,Female,Quellouno
832,Dill,Dunne,ddunnen3@sciencedirect.com,Female,Casilda
833,Luisa,Saunder,lsaundern4@google.com.hk,Female,Ambar
834,Silva,Strowlger,sstrowlgern5@chron.com,Female,Rizári
835,Perrine,Antonich,pantonichn6@4shared.com,Male,Khandagayty
836,Ariadne,Abrahamoff,aabrahamoffn7@va.gov,Bigender,Tranås
837,Kinna,Rosenstock,krosenstockn8@upenn.edu,Female,Pasadena
838,Eada,McMichan,emcmichann9@edublogs.org,Male,Qiucun
839,Ansley,Blatherwick,ablatherwickna@goo.gl,Male,Umbuldamar
840,Hermine,Snedker,hsnedkernb@yellowbook.com,Female,Hamilton
841,Tasia,Butterick,tbuttericknc@smugmug.com,Male,Lodwar
842,Barth,Gaddie,bgaddiend@huffingtonpost.com,Male,Xinjiezhen
843,Dee,Iapico,diapicone@sun.com,Male,Chai Nat
844,Camille,Daud,cdaudnf@wsj.com,Non-binary,Borjomi
845,Taryn,Bradlaugh,tbradlaughng@vinaora.com,Male,Porto Velho
846,Patience,Planque,pplanquenh@wunderground.com,Male,Oodweyne
847,Obed,Caldwall,ocaldwallni@phpbb.com,Male,Villa Paula de Sarmiento
848,Moll,Du Plantier,mduplantiernj@hc360.com,Male,Sułkowice
849,Molly,Lamers,mlamersnk@tuttocitta.it,Male,Wuluo
850,Eyde,Senn,esennnl@amazonaws.com,Male,Gaoqiao
851,Ancell,Penritt,apenrittnm@skype.com,Male,Chernoyerkovskaya
852,Kare,Aiton,kaitonnn@ft.com,Female,Sandefjord
853,Carey,Blaszczak,cblaszczakno@twitter.com,Female,Shangtianba
854,Eadmund,Azemar,eazemarnp@weather.com,Male,Daxi
855,Cherye,Sewell,csewellnq@surveymonkey.com,Male,Hutang
856,Homer,Oag,hoagnr@moonfruit.com,Female,Le Puy-en-Velay
857,Adan,Tailour,atailourns@blogtalkradio.com,Male,Jincheng
858,Christabella,Duding,cdudingnt@woothemes.com,Male,Araguari
859,Brady,Naris,bnarisnu@ehow.com,Male,Senggapi
860,Trixy,Node,tnodenv@nyu.edu,Female,Nginjen
861,Joanie,Roakes,jroakesnw@go.com,Female,Khóra
862,Anestassia,Nicely,anicelynx@cnbc.com,Female,Tagkawayan Sabang
863,Harlie,Divill,hdivillny@live.com,Male,Ágios Matthaíos
864,Lacie,Calbert,lcalbertnz@mediafire.com,Bigender,Alegre
865,Alejandro,Hasard,ahasardo0@rediff.com,Female,Fengmu
866,Reta,Domenichelli,rdomenichellio1@bravesites.com,Female,Uritsk
867,Kalindi,Alwen,kalweno2@youtu.be,Male,Oslo
868,Brynna,Lidbetter,blidbettero3@youtu.be,Genderfluid,Rodnikovskaya
869,Maureen,Smullen,msmulleno4@hao123.com,Female,Niandou
870,Jackie,Surridge,jsurridgeo5@usnews.com,Male,Irvine
871,Mickey,Meikle,mmeikleo6@icq.com,Male,Baiyang
872,Malvina,De Moreno,mdemorenoo7@yelp.com,Non-binary,Jiuxian
873,Albertine,Scurrer,ascurrero8@mail.ru,Male,Chibombo
874,Jenny,Cammack,jcammacko9@sitemeter.com,Female,Langob
875,Juliette,Fenlon,jfenlonoa@ftc.gov,Agender,Yichun
876,Lea,Ludlem,lludlemob@washington.edu,Male,Sułoszowa
877,Kaela,Stonnell,kstonnelloc@meetup.com,Male,Quillo
878,Wally,Crake,wcrakeod@quantcast.com,Female,Orvault
879,Florrie,Bilby,fbilbyoe@vk.com,Female,Ranua
880,Sydel,Verbeke,sverbekeof@intel.com,Female,Bokhan
881,Lavinie,Maven,lmavenog@nih.gov,Male,Kedungbacin
882,Cletus,Drysdell,cdrysdelloh@parallels.com,Female,Bamiantong
883,Janek,Girardy,jgirardyoi@about.me,Female,Cipesing
884,Joyce,McKeney,jmckeneyoj@aol.com,Male,Qarqaraly
885,Gladi,Medgewick,gmedgewickok@skype.com,Agender,Langue
886,Isac,Duchateau,iduchateauol@acquirethisname.com,Male,Bodeh
887,Karon,Cade,kcadeom@goo.gl,Male,Kyurdarmir
888,Lindie,Binnie,lbinnieon@sciencedaily.com,Female,Boavista
889,Sully,Bahl,sbahloo@bloglovin.com,Male,Piracuruca
890,Jacinda,Lyte,jlyteop@cnn.com,Genderfluid,Titab
891,Leela,Friar,lfriaroq@ihg.com,Female,As Sūsah
892,Christin,Stump,cstumpor@csmonitor.com,Male,Grebenskaya
893,Lula,Coslett,lcoslettos@mayoclinic.com,Female,Końskowola
894,Rhett,Lambourn,rlambournot@disqus.com,Male,Chocianów
895,Elia,Barensky,ebarenskyou@blogs.com,Male,Rodniki
896,Bobby,Slowgrave,bslowgraveov@ca.gov,Male,Buarcos
897,Carlyle,Bubbings,cbubbingsow@marriott.com,Female,Nanshan
898,Sunny,Yansons,syansonsox@exblog.jp,Female,Alpūrai
899,Maje,Giacomelli,mgiacomellioy@home.pl,Female,Lancar
900,Loretta,Deners,ldenersoz@ucla.edu,Male,Zhouhu
901,Georgeta,Kalkhoven,gkalkhovenp0@gov.uk,Male,Liliana
902,Neila,List,nlistp1@livejournal.com,Female,Dengteke
903,Yank,O'Teague,yoteaguep2@zdnet.com,Male,Velagići
904,Lonee,Tidman,ltidmanp3@cnn.com,Non-binary,Shanglian
905,Gonzalo,Pawelek,gpawelekp4@pen.io,Male,Shuiquan
906,Gelya,Oxberry,goxberryp5@ucoz.ru,Female,Johogunung
907,Carri,Sygrove,csygrovep6@mashable.com,Female,Riangbao
908,Rae,Jentet,rjentetp7@xrea.com,Female,Manaquiri
909,Arleta,Ostridge,aostridgep8@desdev.cn,Female,Coris
910,Jimmy,Boosey,jbooseyp9@reverbnation.com,Male,Tianmuhu
911,Frances,Worden,fwordenpa@drupal.org,Polygender,Paraparaumu
912,Clotilda,de Tocqueville,cdetocquevillepb@bbb.org,Female,Cuamba
913,Obadias,Fasey,ofaseypc@a8.net,Female,Kalchevaya
914,Lionel,Powter,lpowterpd@arizona.edu,Genderqueer,Radomin
915,Rafi,Hurne,rhurnepe@ehow.com,Polygender,Mañazo
916,Genovera,Doneld,gdoneldpf@addtoany.com,Female,Roanne
917,Christina,Stanmer,cstanmerpg@freewebs.com,Female,Skrzyszów
918,Murvyn,Deave,mdeaveph@webs.com,Male,São Pedro
919,Domenico,Dimitru,ddimitrupi@google.fr,Male,Lesnikovo
920,Elysia,Stabler,establerpj@patch.com,Male,Montes Velhos
921,Tess,Lyptratt,tlyptrattpk@umn.edu,Male,Hyrynsalmi
922,Pris,De Beauchemp,pdebeauchemppl@photobucket.com,Male,Xiaojiangba
923,Ainslee,Thecham,athechampm@etsy.com,Male,Hlusk
924,Carri,Di Biasi,cdibiasipn@imdb.com,Genderqueer,Koslan
925,Vale,Souttar,vsouttarpo@nydailynews.com,Male,Novoaleksandrovsk
926,Twyla,Newvell,tnewvellpp@discuz.net,Male,Jiblah
927,Dyane,Picken,dpickenpq@jimdo.com,Male,Bakungan
928,Hubert,Grossman,hgrossmanpr@freewebs.com,Female,Shiyu
929,Lu,Alejo,lalejops@tuttocitta.it,Female,Port-Vila
930,Jorge,Gutcher,jgutcherpt@dailymotion.com,Male,Scottsdale
931,Tabb,Rainsbury,trainsburypu@rambler.ru,Female,Parigi
932,Carmina,Moir,cmoirpv@aboutads.info,Male,Iracemápolis
933,Yorgos,Brayne,ybraynepw@webs.com,Female,Paitan Este
934,Auguste,Agett,aagettpx@discuz.net,Female,Qingshandi
935,Mead,Garnam,mgarnampy@amazon.co.uk,Female,Nanxindian
936,Amitie,Ghent,aghentpz@wikia.com,Female,Michałowo
937,Zane,Harnott,zharnottq0@cargocollective.com,Male,Ximafang
938,Hewe,Gooding,hgoodingq1@comcast.net,Male,Muzaffargarh
939,Tadeas,Grundell,tgrundellq2@gizmodo.com,Male,Nesovice
940,Moses,Mcmanaman,mmcmanamanq3@umich.edu,Male,Bobadela
941,Ealasaid,Prop,epropq4@digg.com,Female,Chai Nat
942,Sigfried,Blazej,sblazejq5@cyberchimps.com,Male,Navais
943,Leroy,Cyson,lcysonq6@alexa.com,Male,Breda
944,Valenka,Caustick,vcaustickq7@ted.com,Female,Qijiang
945,Jackie,Boffin,jboffinq8@businessinsider.com,Female,Pueblo Nuevo
946,Stirling,Morfell,smorfellq9@ucoz.com,Female,Stamford
947,Anya,Curwen,acurwenqa@ifeng.com,Female,Bugana
948,Maritsa,Guillain,mguillainqb@google.fr,Male,Bogorejo
949,Florinda,McIlvaney,fmcilvaneyqc@weibo.com,Male,Stockholm
950,Amerigo,Marqyes,amarqyesqd@businessweek.com,Male,Taocun
951,Sandra,Hussey,shusseyqe@cnet.com,Agender,Mojkovac
952,Jimmie,Dubble,jdubbleqf@tinypic.com,Male,Barinitas
953,Kata,Isaak,kisaakqg@weibo.com,Agender,Funan Chengguanzhen
954,Chevy,Quarless,cquarlessqh@123-reg.co.uk,Female,Hajeom
955,Edee,Richten,erichtenqi@illinois.edu,Female,Międzyzdroje
956,Del,Bolsteridge,dbolsteridgeqj@tuttocitta.it,Female,Fuxing
957,Rudolph,Bygott,rbygottqk@youku.com,Male,Lindome
958,Ashlin,Serridge,aserridgeql@slate.com,Male,Marseille
959,Sol,Thireau,sthireauqm@ning.com,Non-binary,Feondari
960,Winston,Currington,wcurringtonqn@multiply.com,Male,Ashibetsu
961,Annissa,Cane,acaneqo@cmu.edu,Male,Sydney
962,Kent,Davidovic,kdavidovicqp@jigsy.com,Female,Dole
963,Ceciley,Bedin,cbedinqq@hubpages.com,Female,Rancanyenang
964,Corty,Trow,ctrowqr@cnn.com,Male,Dordrecht
965,Galina,Dorrington,gdorringtonqs@europa.eu,Female,Pamplona
966,Trudy,McCurrie,tmccurrieqt@icq.com,Male,Longjumeau
967,Sharyl,Jagson,sjagsonqu@hugedomains.com,Male,Aoqiao
968,Frieda,Althorp,falthorpqv@redcross.org,Female,Pulupandan
969,Cletis,Nottle,cnottleqw@ask.com,Agender,Lipa City
970,Pietro,Woodbridge,pwoodbridgeqx@feedburner.com,Male,Ciketak
971,Riccardo,Davidovsky,rdavidovskyqy@tripadvisor.com,Male,Senduro
972,Krishnah,Lempke,klempkeqz@washington.edu,Female,Bigoudine
973,Tory,Tolchard,ttolchardr0@mozilla.com,Male,Enköping
974,Caryl,Teal,ctealr1@yahoo.co.jp,Female,Sofifi
975,Thorn,De Miranda,tdemirandar2@bandcamp.com,Female,Samsan
976,Candie,Marjanovic,cmarjanovicr3@bbc.co.uk,Female,Ceibas
977,Hakim,Turnbull,hturnbullr4@hhs.gov,Genderqueer,Paris 20
978,Eddy,Dach,edachr5@cnbc.com,Female,Lukićevo
979,Lorin,Cartmill,lcartmillr6@cnn.com,Female,Stockholm
980,Grayce,Josilowski,gjosilowskir7@phoca.cz,Male,Toulouse
981,Prince,Thulborn,pthulbornr8@adobe.com,Male,Las Palmas
982,Chandra,Tarbard,ctarbardr9@cdc.gov,Female,Junglinster
983,Rodrick,Jane,rjanera@stanford.edu,Female,Wuhe Chengguanzhen
984,Rubin,Timcke,rtimckerb@instagram.com,Female,Sancha
985,Gian,Betancourt,gbetancourtrc@wordpress.org,Male,Nueva Gerona
986,Geraldine,Stroud,gstroudrd@amazon.co.uk,Male,Lyubertsy
987,Marje,Lackner,mlacknerre@nifty.com,Polygender,Baş Göynük
988,Codi,Yarnton,cyarntonrf@imdb.com,Female,Surat Thani
989,Jorie,Tangye,jtangyerg@yale.edu,Female,Verkhnyaya Toyma
990,Walther,Ashwin,washwinrh@flickr.com,Female,Vršac
991,Nevin,Alliband,nallibandri@4shared.com,Male,Carvalhal
992,Arch,Erangy,aerangyrj@amazon.com,Female,Wuxiang
993,Francklin,Bloxham,fbloxhamrk@techcrunch.com,Bigender,Roshchino
994,Dannie,Ferrara,dferrararl@live.com,Male,Knivsta
995,Buddy,Sandey,bsandeyrm@nhs.uk,Genderqueer,Los Angeles
996,Wilbur,Fuge,wfugern@nbcnews.com,Male,Sekampung
997,Barbara-anne,Maynard,bmaynardro@discovery.com,Male,Batur Kidul
998,Legra,Wrightem,lwrightemrp@tinyurl.com,Female,Nikhom Kham Soi
999,Michel,Heakins,mheakinsrq@clickbank.net,Female,Gotemba
1000,Rosabelle,Madders,rmaddersrr@homestead.com,Genderfluid,Suozhen
